0,1,2,3,4,5,6,7,8,9,10,11,12,13,14,15,16,TARGET
-15.0,20.0,26.0,17.0,117.0,-1.0999212127012215,-0.3666957676000713,0.13630678402231028,-0.7773216259196505,0.0,0.0,0.0,0.0,1.0,0.0,0.0,0.0,-1.0
35.0,87.0,-17.0,54.0,38.0,-0.5077977875158884,-0.7746669918498982,-0.8791065294427951,-1.1592312771081734,0.0,1.0,0.0,0.0,0.0,0.0,0.0,0.0,-1.0
82.0,75.0,116.0,87.0,130.0,-0.21986776283540552,0.15787458989586728,0.38698206187982775,0.1502544391524009,0.0,0.0,0.0,0.0,0.0,1.0,0.0,0.0,1.0
133.0,138.0,87.0,124.0,61.0,0.37199192425998856,-0.1575563925792519,-0.48425832930322343,-0.10937785783468967,0.0,0.0,1.0,0.0,0.0,0.0,0.0,0.0,-1.0
-17.0,23.0,17.0,16.0,109.0,-1.0999660544659606,-0.43626815887669823,0.0280728442245452,-0.8693152389988634,0.0,0.0,0.0,1.0,0.0,0.0,0.0,0.0,-1.0
85.0,95.0,79.0,90.0,91.0,-0.1250940586045104,-0.14039387594818378,-0.13807029947158445,-0.2188823108362758,0.0,0.0,0.0,1.0,0.0,0.0,0.0,0.0,1.0
152.0,152.0,97.0,138.0,56.0,0.5539766571033096,-0.1135969141892762,-0.5328152993453654,-0.002862001402428871,0.0,0.0,1.0,0.0,0.0,0.0,0.0,0.0,-1.0
-52.0,40.0,-102.0,-9.0,22.0,-1.286312991070807,-1.2751356590011693,-1.157536210351692,-2.0279394106397692,1.0,0.0,0.0,0.0,0.0,0.0,0.0,0.0,-1.0
-92.0,6.0,-115.0,-38.0,41.0,-1.686920928791409,-1.3008030709824157,-0.9400037617164217,-2.168411963431435,1.0,0.0,0.0,0.0,0.0,0.0,0.0,0.0,-1.0
105.0,100.0,111.0,104.0,106.0,0.04376457011828671,0.07662139895955716,0.09110399804318156,0.11293993166395987,0.0,0.0,0.0,0.0,1.0,0.0,0.0,0.0,1.0
114.0,104.0,122.0,110.0,110.0,0.11593432214995128,0.14799808531160946,0.15579037279672858,0.22649989935163922,0.0,0.0,0.0,0.0,1.0,0.0,0.0,0.0,1.0
26.0,43.0,66.0,47.0,124.0,-0.7264132762969805,-0.1337378475798613,0.25875994516932355,-0.36999717809202753,0.0,0.0,0.0,0.0,1.0,0.0,0.0,0.0,-1.0
126.0,133.0,83.0,120.0,63.0,0.31049306824872214,-0.17511612065056054,-0.4720575070284582,-0.14894858467357375,0.0,0.0,1.0,0.0,0.0,0.0,0.0,0.0,-1.0
159.0,120.0,185.0,142.0,136.0,0.48817633563585194,0.5428710849021042,0.5310159121478928,0.847555682715104,0.0,0.0,0.0,0.0,0.0,1.0,0.0,0.0,1.0
175.0,132.0,194.0,154.0,133.0,0.6474703278618776,0.5888325356243442,0.5001577658093521,0.9506839730936532,0.0,0.0,0.0,0.0,0.0,1.0,0.0,0.0,1.0
171.0,161.0,118.0,152.0,63.0,0.726871424191309,0.02139142947837963,-0.43387853794841547,0.22158577114636746,0.0,0.0,1.0,0.0,0.0,0.0,0.0,0.0,-1.0
87.0,67.0,147.0,90.0,156.0,-0.2141997476965064,0.38210519790434916,0.7322681769426022,0.4482171722988084,0.0,0.0,0.0,0.0,0.0,0.0,1.0,0.0,-1.0
208.0,184.0,149.0,179.0,64.0,1.066659725521347,0.1926531526103435,-0.3857599790220916,0.5383742528309347,0.0,0.0,0.0,1.0,0.0,0.0,0.0,0.0,-1.0
76.0,74.0,105.0,82.0,124.0,-0.267511311154944,0.08519164826578018,0.3044998134860854,0.041489968300626734,0.0,0.0,0.0,0.0,1.0,0.0,0.0,0.0,1.0
110.0,93.0,139.0,106.0,130.0,0.04584628969128801,0.282358871879345,0.4099175776955068,0.38549914382828343,0.0,0.0,0.0,0.0,0.0,1.0,0.0,0.0,1.0
125.0,122.0,106.0,118.0,87.0,0.26318894869212633,0.005872718004742289,-0.1600150152627099,0.07775677989443852,0.0,0.0,0.0,1.0,0.0,0.0,0.0,0.0,1.0
97.0,110.0,69.0,99.0,72.0,0.016734179318123044,-0.23159776932337844,-0.3711483480103937,-0.30174522166306084,0.0,0.0,1.0,0.0,0.0,0.0,0.0,0.0,1.0
-47.0,14.0,-29.0,-6.0,89.0,-1.3453869673603482,-0.7307173702743617,-0.2723905004791977,-1.3238738919456676,0.0,0.0,1.0,0.0,0.0,0.0,0.0,0.0,-1.0
81.0,106.0,43.0,87.0,59.0,-0.10867352182829954,-0.4038557371082262,-0.5586013123563968,-0.5628384718446037,0.0,0.0,1.0,0.0,0.0,0.0,0.0,0.0,1.0
-11.0,22.0,32.0,20.0,119.0,-1.0615848979376312,-0.33289548863908563,0.1642649053879258,-0.7224391050538669,0.0,0.0,0.0,0.0,1.0,0.0,0.0,0.0,-1.0
84.0,113.0,33.0,89.0,47.0,-0.06558724205367267,-0.48197681811215753,-0.7078587290143289,-0.6546640227356312,0.0,1.0,0.0,0.0,0.0,0.0,0.0,0.0,-1.0
226.0,195.0,161.0,191.0,62.0,1.2319187299632455,0.25406366940059777,-0.3964113368746234,0.6635140950516861,0.0,0.0,0.0,1.0,0.0,0.0,0.0,0.0,-1.0
74.0,81.0,86.0,81.0,106.0,-0.25677215443368173,-0.0651549869542702,0.06364076133158883,-0.15442741071555402,0.0,0.0,0.0,0.0,1.0,0.0,0.0,0.0,1.0
70.0,75.0,90.0,78.0,114.0,-0.3067175154649578,-0.02480805409577891,0.15852558179141069,-0.11436718078087932,0.0,0.0,0.0,0.0,1.0,0.0,0.0,0.0,1.0
297.0,208.0,292.0,242.0,134.0,1.7717992821042527,1.1252134901140052,0.6122138835360906,1.9588374498632133,0.0,0.0,0.0,0.0,0.0,0.0,1.0,0.0,-1.0
125.0,122.0,104.0,118.0,85.0,0.25787322646282784,-0.009227130134929595,-0.1800956837842465,0.056379601371893684,0.0,0.0,0.0,1.0,0.0,0.0,0.0,0.0,1.0
136.0,118.0,140.0,126.0,110.0,0.3217676996119276,0.24435981578470414,0.1734497070463243,0.4086391028296343,0.0,0.0,0.0,0.0,1.0,0.0,0.0,0.0,1.0
44.0,54.0,82.0,59.0,125.0,-0.5633534216226953,-0.046849093939695885,0.28916910838571624,-0.21175738996998744,0.0,0.0,0.0,0.0,1.0,0.0,0.0,0.0,-1.0
231.0,175.0,221.0,194.0,115.0,1.1932774721096397,0.695766690815782,0.31576515799374333,1.2372135916967677,0.0,0.0,0.0,0.0,0.0,1.0,0.0,0.0,-1.0
51.0,66.0,69.0,64.0,108.0,-0.47335151407140963,-0.15343254389109795,0.06546787352925396,-0.3287363109570862,0.0,0.0,0.0,0.0,1.0,0.0,0.0,0.0,1.0
76.0,86.0,78.0,83.0,98.0,-0.22212751913453802,-0.1277903268688256,-0.05609352233562153,-0.22802422732281266,0.0,0.0,0.0,1.0,0.0,0.0,0.0,0.0,1.0
198.0,156.0,190.0,171.0,110.0,0.8985506829222885,0.5170424345414544,0.227072631073289,0.9225425482681295,0.0,0.0,0.0,0.0,1.0,0.0,0.0,0.0,1.0
88.0,101.0,68.0,92.0,79.0,-0.08146061839262389,-0.22067576677174294,-0.29104185278130756,-0.313419157479984,0.0,0.0,0.0,1.0,0.0,0.0,0.0,0.0,1.0
76.0,89.0,72.0,83.0,92.0,-0.2126321461631742,-0.1744529517221935,-0.1348087645834325,-0.28719170427793883,0.0,0.0,0.0,1.0,0.0,0.0,0.0,0.0,1.0
-50.0,41.0,-100.0,-7.0,23.0,-1.2694932580625398,-1.2573030996546337,-1.1405968443488046,-1.9998899373787262,1.0,0.0,0.0,0.0,0.0,0.0,0.0,0.0,-1.0
157.0,117.0,189.0,140.0,142.0,0.4633613194786967,0.5781087658543391,0.6017986660283737,0.8875441313117756,0.0,0.0,0.0,0.0,0.0,1.0,0.0,0.0,1.0
49.0,76.0,42.0,64.0,83.0,-0.44757428082222034,-0.35795600925739846,-0.26936174128502466,-0.5922816745870904,0.0,0.0,0.0,1.0,0.0,0.0,0.0,0.0,1.0
86.0,112.0,39.0,90.0,52.0,-0.05968549186027411,-0.43952518947038066,-0.6455921429411349,-0.5969691954204921,0.0,0.0,1.0,0.0,0.0,0.0,0.0,0.0,-1.0
100.0,100.0,100.0,100.0,100.0,0.007984791308229806,0.0021585246611343146,-0.0017729731905835576,0.0049772613994978785,0.0,0.0,0.0,1.0,0.0,0.0,0.0,0.0,1.0
-50.0,0.0,-5.0,-8.0,114.0,-1.4132664884142712,-0.5442023096594828,0.0614754132606663,-1.095334128323537,0.0,0.0,0.0,1.0,0.0,0.0,0.0,0.0,-1.0
226.0,188.0,179.0,191.0,79.0,1.2059109528680934,0.386708877787669,-0.1732845057689077,0.8319678739811622,0.0,0.0,0.0,1.0,0.0,0.0,0.0,0.0,-1.0
70.0,85.0,67.0,79.0,92.0,-0.26869148566603407,-0.1996918533896943,-0.13805365350838603,-0.3354684849977868,0.0,0.0,0.0,1.0,0.0,0.0,0.0,0.0,1.0
95.0,97.0,95.0,96.0,100.0,-0.0526770518457535,-0.03018594806619023,-0.013116893869515088,-0.05391778742654112,0.0,0.0,0.0,1.0,0.0,0.0,0.0,0.0,1.0
1.0,24.0,53.0,28.0,131.0,-0.9726704150580829,-0.18979403874150658,0.32980140961612603,-0.5095987042653559,0.0,0.0,0.0,0.0,1.0,0.0,0.0,0.0,-1.0
50.0,39.0,129.0,63.0,168.0,-0.5795365425416226,0.3065969349281624,0.8495733983449307,0.25123001549515567,0.0,0.0,0.0,0.0,0.0,0.0,1.0,0.0,-1.0
148.0,130.0,137.0,135.0,99.0,0.4511548340111988,0.19949680211065543,0.020479472420508654,0.3837349021085903,0.0,0.0,0.0,0.0,1.0,0.0,0.0,0.0,1.0
125.0,130.0,88.0,118.0,68.0,0.2881031653867294,-0.13755876061104727,-0.39922370156056963,-0.10524835285836792,0.0,0.0,1.0,0.0,0.0,0.0,0.0,0.0,1.0
109.0,95.0,134.0,106.0,126.0,0.04437555179962521,0.2447920533850369,0.3524044790994761,0.3354409092784888,0.0,0.0,0.0,0.0,0.0,1.0,0.0,0.0,1.0
46.0,77.0,31.0,62.0,76.0,-0.4641325400849714,-0.4303219963135655,-0.37132953615783465,-0.6923602793171022,0.0,0.0,1.0,0.0,0.0,0.0,0.0,0.0,1.0
-22.0,32.0,-14.0,13.0,84.0,-1.1036173942933958,-0.6609338033005918,-0.3191863716792313,-1.167316819433823,0.0,0.0,1.0,0.0,0.0,0.0,0.0,0.0,1.0
235.0,151.0,284.0,196.0,173.0,1.1340618111272858,1.1626973285204951,1.0804221019168747,1.838794974658542,0.0,0.0,0.0,0.0,0.0,0.0,0.0,1.0,-1.0
112.0,105.0,113.0,108.0,103.0,0.10691907903977124,0.08377673682345563,0.0616486289934553,0.1391953140785726,0.0,0.0,0.0,0.0,1.0,0.0,0.0,0.0,1.0
124.0,107.0,137.0,117.0,117.0,0.19366870073739528,0.24360024183472467,0.25459797610891466,0.3735682279052172,0.0,0.0,0.0,0.0,1.0,0.0,0.0,0.0,1.0
165.0,149.0,130.0,147.0,80.0,0.6359237610162684,0.12487979102743535,-0.21438577711384035,0.33422116024357723,0.0,0.0,0.0,1.0,0.0,0.0,0.0,0.0,-1.0
120.0,102.0,141.0,114.0,124.0,0.15339063784292295,0.2793122356306282,0.33605704037989603,0.4100715237726204,0.0,0.0,0.0,0.0,0.0,1.0,0.0,0.0,1.0
37.0,79.0,8.0,55.0,60.0,-0.5216260092014626,-0.5894233007920656,-0.5819582190533997,-0.9179979916392311,0.0,0.0,1.0,0.0,0.0,0.0,0.0,0.0,1.0
264.0,167.0,314.0,217.0,180.0,1.3950215632238776,1.3451150196115098,1.196564390209319,2.1493691055217523,0.0,0.0,0.0,0.0,0.0,0.0,0.0,1.0,-1.0
-86.0,-10.0,-63.0,-34.0,87.0,-1.7036255442720234,-0.9220387421789227,-0.33986607365827093,-1.6720899091783439,0.0,0.0,1.0,0.0,0.0,0.0,0.0,0.0,-1.0
96.0,95.0,103.0,97.0,106.0,-0.05333592014656102,0.030466765805834135,0.08168926706329785,0.02609597176990719,0.0,0.0,0.0,0.0,1.0,0.0,0.0,0.0,1.0
207.0,169.0,179.0,177.0,94.0,1.0067332407049614,0.4217120540111049,0.009197635643052898,0.825276276399318,0.0,0.0,0.0,0.0,1.0,0.0,0.0,0.0,-1.0
212.0,164.0,205.0,181.0,114.0,1.0208864047608164,0.6043778531439572,0.28435058414549075,1.0705426983070616,0.0,0.0,0.0,0.0,0.0,1.0,0.0,0.0,1.0
89.0,83.0,112.0,92.0,121.0,-0.14482034272107863,0.11716060090033795,0.2753927643791861,0.1163845645851595,0.0,0.0,0.0,0.0,1.0,0.0,0.0,0.0,1.0
149.0,126.0,151.0,135.0,110.0,0.4447612366202304,0.30190411322206445,0.18394641585695864,0.517427338342076,0.0,0.0,0.0,0.0,1.0,0.0,0.0,0.0,1.0
41.0,84.0,3.0,58.0,53.0,-0.4760268610867918,-0.6322971758369923,-0.6779819105240968,-0.9625549245684921,0.0,1.0,0.0,0.0,0.0,0.0,0.0,0.0,1.0
124.0,120.0,107.0,117.0,89.0,0.24670847001337837,0.017248045726428074,-0.13172154189279286,0.08841328773116108,0.0,0.0,0.0,1.0,0.0,0.0,0.0,0.0,1.0
94.0,111.0,60.0,96.0,66.0,-0.00483147132974493,-0.29425650272436676,-0.4547922327189454,-0.3903215276749247,0.0,0.0,1.0,0.0,0.0,0.0,0.0,0.0,1.0
107.0,100.0,116.0,104.0,111.0,0.04692794153248965,0.1158502829078883,0.15011559529858903,0.16564572253315535,0.0,0.0,0.0,0.0,1.0,0.0,0.0,0.0,1.0
47.0,56.0,81.0,61.0,123.0,-0.5382625995660385,-0.05534468931741743,0.2598228978087861,-0.21631676813671913,0.0,0.0,0.0,0.0,1.0,0.0,0.0,0.0,1.0
103.0,108.0,88.0,102.0,85.0,0.05660767960053545,-0.10320592565399607,-0.1969826745460526,-0.12139435413777139,0.0,0.0,0.0,1.0,0.0,0.0,0.0,0.0,1.0
101.0,100.0,103.0,101.0,102.0,0.012221274386623852,0.02360058318505431,0.02887055049288949,0.034452466136817565,0.0,0.0,0.0,0.0,1.0,0.0,0.0,0.0,1.0
127.0,122.0,111.0,120.0,90.0,0.2756072474537865,0.03930601907739409,-0.1159702374008034,0.12526148315254662,0.0,0.0,0.0,1.0,0.0,0.0,0.0,0.0,1.0
287.0,200.0,288.0,234.0,137.0,1.673808012549524,1.105581565647412,0.644644093486481,1.9068222805119746,0.0,0.0,0.0,0.0,0.0,0.0,1.0,0.0,-1.0
197.0,158.0,184.0,170.0,106.0,0.8924199337252322,0.47196716264428973,0.16087052941193491,0.8613181011134884,0.0,0.0,0.0,0.0,1.0,0.0,0.0,0.0,1.0
168.0,134.0,174.0,149.0,119.0,0.607125926111809,0.449097288504983,0.3086430849488734,0.7552107555661783,0.0,0.0,0.0,0.0,0.0,1.0,0.0,0.0,1.0
220.0,149.0,255.0,185.0,157.0,1.0196083372140525,0.9690139878656914,0.852588387265734,1.5522883966532741,0.0,0.0,0.0,0.0,0.0,0.0,1.0,0.0,-1.0
17.0,73.0,-25.0,41.0,44.0,-0.6825671769222594,-0.8039592462606957,-0.8123630063578923,-1.2444367424261953,0.0,1.0,0.0,0.0,0.0,0.0,0.0,0.0,-1.0
109.0,109.0,99.0,106.0,91.0,0.10028786104157339,-0.030109860625582727,-0.11131027022777522,-0.013137710272620368,0.0,0.0,0.0,1.0,0.0,0.0,0.0,0.0,1.0
-72.0,5.0,-66.0,-24.0,73.0,-1.5535563677716013,-0.967592611046711,-0.5072038740528342,-1.6924073085148597,0.0,0.0,1.0,0.0,0.0,0.0,0.0,0.0,-1.0
-8.0,60.0,-50.0,23.0,39.0,-0.9047357812005932,-0.9498804537401764,-0.8966438890549944,-1.4964427408357948,0.0,1.0,0.0,0.0,0.0,0.0,0.0,0.0,-1.0
51.0,86.0,23.0,66.0,63.0,-0.39540457491001146,-0.5013547866195138,-0.5260368623039877,-0.7679952494463248,0.0,0.0,1.0,0.0,0.0,0.0,0.0,0.0,-1.0
89.0,94.0,89.0,92.0,99.0,-0.108027787950777,-0.06648810356428297,-0.03403292193365978,-0.11663285474875196,0.0,0.0,0.0,1.0,0.0,0.0,0.0,0.0,1.0
147.0,141.0,108.0,134.0,73.0,0.4816452314507231,-0.010961961418761323,-0.32661534744353454,0.1135958969413573,0.0,0.0,0.0,1.0,0.0,0.0,0.0,0.0,-1.0
99.0,100.0,99.0,100.0,100.0,-0.00972892017016471,-0.010479476143672763,-0.010054432756590712,-0.016442228415060295,0.0,0.0,0.0,1.0,0.0,0.0,0.0,0.0,1.0
107.0,114.0,85.0,105.0,79.0,0.10313873193466988,-0.1326732974552432,-0.27274322474567336,-0.14797871290641762,0.0,0.0,0.0,1.0,0.0,0.0,0.0,0.0,1.0
79.0,81.0,97.0,85.0,112.0,-0.21952058576462732,0.006373999704535477,0.15100632985613685,-0.049952226809771655,0.0,0.0,0.0,0.0,1.0,0.0,0.0,0.0,1.0
118.0,125.0,84.0,113.0,70.0,0.2223757339979132,-0.15191717922450892,-0.3793235288388718,-0.1417111742542012,0.0,0.0,1.0,0.0,0.0,0.0,0.0,0.0,-1.0
55.0,98.0,3.0,68.0,41.0,-0.3262302176945118,-0.6606437721095835,-0.8183680274469604,-0.9601950589887014,0.0,1.0,0.0,0.0,0.0,0.0,0.0,0.0,-1.0
173.0,168.0,105.0,153.0,49.0,0.7611466311401238,-0.07678108908983983,-0.6086753842415586,0.10090698988792435,0.0,0.0,1.0,0.0,0.0,0.0,0.0,0.0,-1.0
130.0,147.0,58.0,122.0,36.0,0.38379670746368494,-0.3681823604099253,-0.8196039443222111,-0.38470717527191145,0.0,1.0,0.0,0.0,0.0,0.0,0.0,0.0,-1.0
110.0,108.0,104.0,107.0,97.0,0.1038266443285634,0.0189468845019118,-0.03724665428509755,0.05266133702456467,0.0,0.0,0.0,1.0,0.0,0.0,0.0,0.0,1.0
156.0,151.0,107.0,141.0,64.0,0.5881837675248314,-0.03714290831478767,-0.43582912841674,0.10731490939978494,0.0,0.0,1.0,0.0,0.0,0.0,0.0,0.0,-1.0
66.0,95.0,36.0,76.0,64.0,-0.2560841331197855,-0.4324270043685159,-0.5083195554171459,-0.6398149275498286,0.0,0.0,1.0,0.0,0.0,0.0,0.0,0.0,1.0
104.0,111.0,83.0,103.0,80.0,0.07266708503802052,-0.13813001835217303,-0.2616501472203123,-0.1632966742845967,0.0,0.0,0.0,1.0,0.0,0.0,0.0,0.0,1.0
74.0,86.0,75.0,81.0,96.0,-0.23889507031088855,-0.14982198738397778,-0.07960071747633238,-0.26161145677667524,0.0,0.0,0.0,1.0,0.0,0.0,0.0,0.0,1.0
284.0,205.0,271.0,233.0,123.0,1.6724018601799902,0.9860587837316189,0.45955644187052175,1.748427208012749,0.0,0.0,0.0,0.0,0.0,1.0,0.0,0.0,-1.0
198.0,151.0,203.0,170.0,123.0,0.8761882172690578,0.6120063646182883,0.3892201247808794,1.0421473272019701,0.0,0.0,0.0,0.0,0.0,1.0,0.0,0.0,-1.0
110.0,106.0,108.0,107.0,100.0,0.09794320683009522,0.043090273322142054,0.0041046087689897235,0.08301668047244239,0.0,0.0,0.0,0.0,1.0,0.0,0.0,0.0,1.0
-18.0,48.0,-45.0,15.0,52.0,-1.0196740329000857,-0.8974824417364151,-0.7412347305760315,-1.4577339804413112,0.0,1.0,0.0,0.0,0.0,0.0,0.0,0.0,-1.0
141.0,121.0,144.0,130.0,110.0,0.3699466427992616,0.2633763186389802,0.1720766112252837,0.44659353521835665,0.0,0.0,0.0,0.0,1.0,0.0,0.0,0.0,1.0
86.0,85.0,103.0,90.0,114.0,-0.15540942896299748,0.04864982748624047,0.17558769642639394,0.022990381037352764,0.0,0.0,0.0,0.0,1.0,0.0,0.0,0.0,1.0
125.0,113.0,125.0,118.0,104.0,0.22555352057450978,0.14830192253725932,0.08581004028486577,0.25605372727654807,0.0,0.0,0.0,0.0,1.0,0.0,0.0,0.0,1.0
63.0,106.0,-1.0,74.0,31.0,-0.23852498577863293,-0.7010452765855022,-0.9376063398115745,-0.990285579750838,0.0,1.0,0.0,0.0,0.0,0.0,0.0,0.0,-1.0
0.0,48.0,-3.0,28.0,78.0,-0.8949709472226001,-0.611726038298007,-0.3767120930103792,-1.0467717859979055,0.0,0.0,1.0,0.0,0.0,0.0,0.0,0.0,1.0
68.0,99.0,32.0,78.0,59.0,-0.23297706666842544,-0.4619122932034685,-0.5690532028711676,-0.6726523481674782,0.0,0.0,1.0,0.0,0.0,0.0,0.0,0.0,1.0
20.0,80.0,-34.0,43.0,33.0,-0.6351529874690767,-0.8767865631701409,-0.9561642905884913,-1.328112441472851,1.0,0.0,0.0,0.0,0.0,0.0,0.0,0.0,-1.0
54.0,56.0,100.0,66.0,135.0,-0.4895592742751822,0.07477061160544496,0.43099547248180153,-0.03133911379169241,0.0,0.0,0.0,0.0,0.0,1.0,0.0,0.0,-1.0
89.0,80.0,120.0,91.0,129.0,-0.15735954782899886,0.17530565929682104,0.3739323085715975,0.18992349519378954,0.0,0.0,0.0,0.0,0.0,1.0,0.0,0.0,1.0
-69.0,-4.0,-38.0,-22.0,98.0,-1.5670157476410007,-0.7632967044513748,-0.18064515047962498,-1.425886991069176,0.0,0.0,0.0,1.0,0.0,0.0,0.0,0.0,-1.0
63.0,53.0,125.0,73.0,154.0,-0.43421351023877613,0.2547258493658443,0.6754556565222872,0.22129843193110943,0.0,0.0,0.0,0.0,0.0,1.0,0.0,0.0,-1.0
0.0,65.0,-42.0,29.0,40.0,-0.8293186874230103,-0.9096473265493819,-0.8825076194306595,-1.4231940879410454,0.0,1.0,0.0,0.0,0.0,0.0,0.0,0.0,-1.0
190.0,118.0,258.0,163.0,184.0,0.6965545862858873,1.0477459462649161,1.182733741327541,1.5704670523702138,0.0,0.0,0.0,0.0,0.0,0.0,0.0,1.0,-1.0
199.0,147.0,213.0,171.0,133.0,0.8641132871060194,0.6912147937332855,0.5202383386837696,1.1436576183826175,0.0,0.0,0.0,0.0,0.0,1.0,0.0,0.0,-1.0
235.0,194.0,185.0,198.0,78.0,1.2930829316729966,0.41916160859706064,-0.17881039984864286,0.8980561551221375,0.0,0.0,0.0,1.0,0.0,0.0,0.0,0.0,-1.0
-93.0,-2.0,-99.0,-39.0,58.0,-1.725988139071757,-1.178768177725,-0.7249944166511273,-2.017459111674037,0.0,1.0,0.0,0.0,0.0,0.0,0.0,0.0,-1.0
201.0,175.0,153.0,173.0,73.0,0.9835163244514284,0.2340177243997792,-0.2679549468277236,0.5709512183805493,0.0,0.0,0.0,1.0,0.0,0.0,0.0,0.0,-1.0
208.0,163.0,198.0,178.0,111.0,0.9914306502902538,0.5625692974302448,0.23822304220195004,1.0074341271644351,0.0,0.0,0.0,0.0,1.0,0.0,0.0,0.0,-1.0
-38.0,4.0,14.0,0.0,123.0,-1.318670744233479,-0.4222224055990373,0.19049293503182724,-0.9089076578285245,0.0,0.0,0.0,0.0,1.0,0.0,0.0,0.0,-1.0
50.0,65.0,70.0,64.0,109.0,-0.4830745601718947,-0.144113532023989,0.08621842329933124,-0.31900138786945353,0.0,0.0,0.0,0.0,1.0,0.0,0.0,0.0,1.0
57.0,93.0,20.0,70.0,55.0,-0.3277179767011495,-0.5374265888851854,-0.6256715161866699,-0.7976852236191773,0.0,0.0,1.0,0.0,0.0,0.0,0.0,0.0,1.0
94.0,98.0,92.0,96.0,97.0,-0.057664323506635154,-0.054949798180634876,-0.048446975074395965,-0.08798439890848472,0.0,0.0,0.0,1.0,0.0,0.0,0.0,0.0,1.0
291.0,217.0,258.0,238.0,104.0,1.7637787681915786,0.874249170545862,0.22683896329313002,1.624904441967711,0.0,0.0,0.0,0.0,0.0,1.0,0.0,0.0,-1.0
56.0,93.0,17.0,69.0,54.0,-0.34047739282448436,-0.5563426385613593,-0.646906517838685,-0.8260873794160777,0.0,1.0,0.0,0.0,0.0,0.0,0.0,0.0,-1.0
189.0,166.0,146.0,164.0,76.0,0.8675358519564116,0.20191906158885642,-0.2433626314946121,0.49766972119927383,0.0,0.0,0.0,1.0,0.0,0.0,0.0,0.0,-1.0
160.0,115.0,199.0,142.0,150.0,0.47760434602204827,0.6509600788076798,0.7060097032870858,0.9876486727320253,0.0,0.0,0.0,0.0,0.0,0.0,1.0,0.0,-1.0
40.0,81.0,10.0,58.0,59.0,-0.48871529482821774,-0.5846294689267281,-0.5956504375159437,-0.9029077906365778,0.0,0.0,1.0,0.0,0.0,0.0,0.0,0.0,1.0
71.0,76.0,91.0,79.0,114.0,-0.29978529530188225,-0.020706602239478733,0.1604525259806172,-0.10710109523890943,0.0,0.0,0.0,0.0,1.0,0.0,0.0,0.0,1.0
173.0,138.0,177.0,153.0,117.0,0.6561478642433943,0.46181250548332375,0.2969226533245873,0.7850584412763533,0.0,0.0,0.0,0.0,0.0,1.0,0.0,0.0,1.0
134.0,89.0,203.0,123.0,174.0,0.2000489440599526,0.724979462261381,0.9995795866978789,1.011696659962032,0.0,0.0,0.0,0.0,0.0,0.0,0.0,1.0,-1.0
55.0,73.0,63.0,68.0,99.0,-0.41870682419554733,-0.20735371854151957,-0.053560347647611896,-0.3854933123950514,0.0,0.0,0.0,1.0,0.0,0.0,0.0,0.0,1.0
-68.0,5.0,-56.0,-21.0,79.0,-1.5208887556572324,-0.9029576610741864,-0.42762008547861297,-1.5982657906167765,0.0,0.0,1.0,0.0,0.0,0.0,0.0,0.0,-1.0
4.0,33.0,39.0,30.0,115.0,-0.9217466436874806,-0.3036195670756631,0.11994648742833708,-0.6465448178813671,0.0,0.0,0.0,0.0,1.0,0.0,0.0,0.0,-1.0
184.0,170.0,128.0,162.0,62.0,0.8499326993150638,0.07522185124420866,-0.4292045889243694,0.3254819043377529,0.0,0.0,1.0,0.0,0.0,0.0,0.0,0.0,-1.0
175.0,139.0,179.0,154.0,117.0,0.6744173415828395,0.47080989464710743,0.2991817011361442,0.8018124772517812,0.0,0.0,0.0,0.0,0.0,1.0,0.0,0.0,1.0
81.0,72.0,121.0,86.0,135.0,-0.2411272560582428,0.19121839536932433,0.4525325613705814,0.18868454978553129,0.0,0.0,0.0,0.0,0.0,1.0,0.0,0.0,1.0
52.0,73.0,55.0,66.0,93.0,-0.43509063459677666,-0.2652342941894583,-0.13309927159786283,-0.46637435566800756,0.0,0.0,0.0,1.0,0.0,0.0,0.0,0.0,1.0
118.0,79.0,191.0,111.0,175.0,0.04571191833161575,0.6595702083404705,0.9969887995352895,0.8841746762116858,0.0,0.0,0.0,0.0,0.0,0.0,1.0,0.0,-1.0
74.0,83.0,81.0,81.0,101.0,-0.24723603045978498,-0.10457717521273044,-0.003833707608330031,-0.2040114660737628,0.0,0.0,0.0,1.0,0.0,0.0,0.0,0.0,1.0
-54.0,16.0,-52.0,-11.0,73.0,-1.3873525811301892,-0.8885006024564761,-0.49094798632848985,-1.5436395031899863,0.0,0.0,1.0,0.0,0.0,0.0,0.0,0.0,-1.0
43.0,80.0,18.0,60.0,65.0,-0.47192213062800503,-0.5244997969590237,-0.5128747521937638,-0.8189443526397469,0.0,0.0,1.0,0.0,0.0,0.0,0.0,0.0,1.0
-80.0,1.0,-75.0,-30.0,71.0,-1.6266852597189139,-1.0220394941829227,-0.5449290523635006,-1.7838394498526486,0.0,1.0,0.0,0.0,0.0,0.0,0.0,0.0,-1.0
167.0,125.0,193.0,148.0,138.0,0.5616421967600438,0.594449601360117,0.5640610043727461,0.9352851688248033,0.0,0.0,0.0,0.0,0.0,1.0,0.0,0.0,1.0
79.0,100.0,51.0,86.0,69.0,-0.14634184301147718,-0.3410140181766293,-0.43660253166665786,-0.4897729203371347,0.0,0.0,1.0,0.0,0.0,0.0,0.0,0.0,1.0
101.0,100.0,101.0,100.0,100.0,0.010762817244223372,0.009377908024377305,0.007675770261268908,0.015260799280190893,0.0,0.0,0.0,1.0,0.0,0.0,0.0,0.0,1.0
-93.0,4.0,-109.0,-38.0,47.0,-1.7012022917910246,-1.2569867102771362,-0.8626416444372997,-2.1142803194760296,1.0,0.0,0.0,0.0,0.0,0.0,0.0,0.0,-1.0
41.0,67.0,44.0,58.0,92.0,-0.5343749864942288,-0.32549290660766733,-0.16305785485466306,-0.5724459685610996,0.0,0.0,0.0,1.0,0.0,0.0,0.0,0.0,1.0
208.0,160.0,203.0,178.0,116.0,0.9830742011217494,0.6009548201554488,0.30332615212656655,1.055961329247346,0.0,0.0,0.0,0.0,0.0,1.0,0.0,0.0,-1.0
70.0,104.0,22.0,80.0,48.0,-0.19337006068611864,-0.5405714993256308,-0.7169118478196055,-0.766114632417108,0.0,1.0,0.0,0.0,0.0,0.0,0.0,0.0,-1.0
148.0,145.0,103.0,135.0,66.0,0.5099297484867521,-0.05324442791279521,-0.41059048582013313,0.06521621331195881,0.0,0.0,1.0,0.0,0.0,0.0,0.0,0.0,1.0
57.0,82.0,44.0,69.0,80.0,-0.36998427628463504,-0.3505156677174251,-0.30765142025459624,-0.5618105136501099,0.0,0.0,1.0,0.0,0.0,0.0,0.0,0.0,1.0
15.0,72.0,-24.0,40.0,45.0,-0.6984301676814049,-0.798454627935894,-0.7936019063665346,-1.2413776872511786,0.0,1.0,0.0,0.0,0.0,0.0,0.0,0.0,-1.0
123.0,131.0,80.0,117.0,62.0,0.2776984016883812,-0.19370454360605338,-0.47990586699881255,-0.18224575862700065,0.0,0.0,1.0,0.0,0.0,0.0,0.0,0.0,-1.0
142.0,136.0,111.0,131.0,79.0,0.4287068743516677,0.016318157314986148,-0.25014039206943506,0.13558452917129493,0.0,0.0,0.0,1.0,0.0,0.0,0.0,0.0,1.0
265.0,200.0,240.0,219.0,107.0,1.5206468113401173,0.7793883510891803,0.23548731809519402,1.4348304110858998,0.0,0.0,0.0,0.0,0.0,1.0,0.0,0.0,-1.0
134.0,118.0,135.0,124.0,107.0,0.3081394678590531,0.2062581942539963,0.12291811140136769,0.3546406415999864,0.0,0.0,0.0,0.0,1.0,0.0,0.0,0.0,1.0
206.0,132.0,265.0,175.0,177.0,0.8594900084924543,1.0675535944489076,1.1088368498007601,1.6399857910995408,0.0,0.0,0.0,0.0,0.0,0.0,0.0,1.0,-1.0
-2.0,22.0,53.0,26.0,133.0,-1.0030631367395784,-0.18692480187410632,0.35379992319701375,-0.5138879240021434,0.0,0.0,0.0,0.0,1.0,0.0,0.0,0.0,-1.0
97.0,112.0,61.0,98.0,66.0,0.02036779392911725,-0.28799591265583013,-0.46124579400363264,-0.37534290745668114,0.0,0.0,1.0,0.0,0.0,0.0,0.0,0.0,1.0
252.0,186.0,243.0,210.0,120.0,1.3818606397019197,0.8255802538403387,0.3965662958824522,1.4589919570843288,0.0,0.0,0.0,0.0,0.0,1.0,0.0,0.0,-1.0
150.0,124.0,155.0,136.0,114.0,0.4428935436831045,0.3348050504240966,0.23634449494127724,0.5604289871251498,0.0,0.0,0.0,0.0,1.0,0.0,0.0,0.0,1.0
113.0,101.0,125.0,109.0,114.0,0.0981861349860174,0.17033582058047458,0.20195739804736637,0.2513126764955907,0.0,0.0,0.0,0.0,1.0,0.0,0.0,0.0,1.0
206.0,154.0,213.0,176.0,127.0,0.9410004469276176,0.6777139930314958,0.4498135224844542,1.1462555718342822,0.0,0.0,0.0,0.0,0.0,1.0,0.0,0.0,-1.0
287.0,209.0,268.0,235.0,117.0,1.7104415913342246,0.9586910021317632,0.39252053932596176,1.7223605367701913,0.0,0.0,0.0,0.0,0.0,1.0,0.0,0.0,-1.0
94.0,85.0,120.0,95.0,124.0,-0.09996335450188423,0.16489219986352105,0.3208387562918357,0.1914197971037329,0.0,0.0,0.0,0.0,1.0,0.0,0.0,0.0,1.0
3.0,22.0,63.0,29.0,140.0,-0.9735346914428866,-0.11829214866199211,0.4416221722564816,-0.41529587084369546,0.0,0.0,0.0,0.0,0.0,1.0,0.0,0.0,-1.0
132.0,128.0,106.0,123.0,82.0,0.3285901267273807,-0.002957907536633053,-0.21579036121355685,0.08347459242684518,0.0,0.0,0.0,1.0,0.0,0.0,0.0,0.0,1.0
96.0,99.0,94.0,97.0,98.0,-0.03977528834578278,-0.041569419206375316,-0.03912297037877304,-0.0655367850307822,0.0,0.0,0.0,1.0,0.0,0.0,0.0,0.0,1.0
75.0,83.0,84.0,82.0,103.0,-0.24381454076009718,-0.0844260458359458,0.02532478245620283,-0.17645973860831676,0.0,0.0,0.0,1.0,0.0,0.0,0.0,0.0,1.0
204.0,162.0,191.0,175.0,107.0,0.9561308466968227,0.5118649664402752,0.18200865306595243,0.9310102816199034,0.0,0.0,0.0,0.0,1.0,0.0,0.0,0.0,-1.0
-36.0,38.0,-62.0,3.0,49.0,-1.1808002012722494,-0.9981456278816483,-0.7943213139608198,-1.6336707071438292,0.0,1.0,0.0,0.0,0.0,0.0,0.0,0.0,-1.0
0.0,62.0,-36.0,29.0,46.0,-0.8421809861411462,-0.862356153004038,-0.8006503318638876,-1.3640910065736984,0.0,1.0,0.0,0.0,0.0,0.0,0.0,0.0,-1.0
223.0,150.0,262.0,188.0,161.0,1.0462379018733132,1.0199672097454997,0.91476251182723,1.6267355380038393,0.0,0.0,0.0,0.0,0.0,0.0,1.0,0.0,-1.0
256.0,197.0,225.0,213.0,100.0,1.4519551471923924,0.6880977471835175,0.13757716866381775,1.2958672071303812,0.0,0.0,0.0,0.0,1.0,0.0,0.0,0.0,-1.0
257.0,200.0,220.0,214.0,95.0,1.4689118956689027,0.648628035084165,0.06525945215146967,1.2481937610219096,0.0,0.0,0.0,0.0,1.0,0.0,0.0,0.0,-1.0
90.0,128.0,11.0,95.0,21.0,0.03669633868783917,-0.6578410925834743,-1.0472625418702353,-0.8599729634481765,1.0,0.0,0.0,0.0,0.0,0.0,0.0,0.0,-1.0
113.0,109.0,107.0,109.0,98.0,0.12528691028869818,0.03726980355360606,-0.022526739131454688,0.0825932181790547,0.0,0.0,0.0,1.0,0.0,0.0,0.0,0.0,1.0
-51.0,7.0,-25.0,-9.0,97.0,-1.3999336974773762,-0.6907092748913111,-0.17507561382907283,-1.2854853270638378,0.0,0.0,0.0,1.0,0.0,0.0,0.0,0.0,-1.0
179.0,151.0,158.0,157.0,96.0,0.7416268908180048,0.3074466603995584,0.001773327319247911,0.6037035807638814,0.0,0.0,0.0,0.0,1.0,0.0,0.0,0.0,1.0
-5.0,64.0,-53.0,25.0,34.0,-0.8727521569129413,-0.9787125313818714,-0.9620660986318695,-1.5260559192754148,1.0,0.0,0.0,0.0,0.0,0.0,0.0,0.0,-1.0
18.0,57.0,14.0,41.0,81.0,-0.7361670995526283,-0.515259596246277,-0.3286635590416988,-0.8770011742932047,0.0,0.0,1.0,0.0,0.0,0.0,0.0,0.0,1.0
91.0,88.0,108.0,93.0,115.0,-0.11401483272604404,0.0789214668504913,0.19608926073503277,0.07402100523815078,0.0,0.0,0.0,0.0,1.0,0.0,0.0,0.0,1.0
114.0,85.0,170.0,109.0,157.0,0.045082957382302835,0.5077012706561606,0.761067247566731,0.6832214237733389,0.0,0.0,0.0,0.0,0.0,0.0,1.0,0.0,-1.0
101.0,82.0,147.0,100.0,144.0,-0.05695603640213165,0.3542439737770092,0.5878510654058856,0.45319922149291264,0.0,0.0,0.0,0.0,0.0,1.0,0.0,0.0,-1.0
229.0,149.0,274.0,192.0,169.0,1.0823014825946258,1.1026007765576258,1.020171632369972,1.7455761585554888,0.0,0.0,0.0,0.0,0.0,0.0,0.0,1.0,-1.0
214.0,179.0,173.0,183.0,83.0,1.090482195598533,0.36550486736126386,-0.13209343171778914,0.7732369244361209,0.0,0.0,0.0,1.0,0.0,0.0,0.0,0.0,-1.0
158.0,151.0,114.0,143.0,68.0,0.5984692626170146,0.008896374260511097,-0.370797202174803,0.1709187884115112,0.0,0.0,1.0,0.0,0.0,0.0,0.0,0.0,-1.0
212.0,149.0,238.0,180.0,147.0,0.9686251530253512,0.8590115428583946,0.714179047190934,1.3932956520299657,0.0,0.0,0.0,0.0,0.0,0.0,1.0,0.0,-1.0
-90.0,3.0,-102.0,-37.0,52.0,-1.687766828558751,-1.206510268530406,-0.7927294905129387,-2.0439723680688466,0.0,1.0,0.0,0.0,0.0,0.0,0.0,0.0,-1.0
148.0,106.0,192.0,134.0,152.0,0.3622110633558462,0.6188389060293266,0.730189598867855,0.914493572349452,0.0,0.0,0.0,0.0,0.0,0.0,1.0,0.0,-1.0
40.0,34.0,119.0,56.0,165.0,-0.6648379261038966,0.24675868597603579,0.8112819837137815,0.14943279527558362,0.0,0.0,0.0,0.0,0.0,0.0,1.0,0.0,-1.0
106.0,105.0,100.0,104.0,96.0,0.06450494970974979,-0.011064500267213291,-0.058675502580132294,0.0025260628950366654,0.0,0.0,0.0,1.0,0.0,0.0,0.0,0.0,1.0
113.0,120.0,84.0,110.0,73.0,0.1688088075698036,-0.15016934862481346,-0.3421758068793371,-0.15364595263797876,0.0,0.0,1.0,0.0,0.0,0.0,0.0,0.0,1.0
-39.0,36.0,-64.0,0.0,50.0,-1.213137287179377,-1.0048942496704982,-0.7840396523636786,-1.6511927860012003,0.0,1.0,0.0,0.0,0.0,0.0,0.0,0.0,-1.0
245.0,203.0,188.0,205.0,73.0,1.394838674891342,0.42076918246156364,-0.2417080602261647,0.9272424468905407,0.0,0.0,0.0,1.0,0.0,0.0,0.0,0.0,-1.0
142.0,138.0,107.0,131.0,74.0,0.4416659555156477,-0.018340238195235725,-0.312401805616708,0.09320898729369304,0.0,0.0,0.0,1.0,0.0,0.0,0.0,0.0,1.0
42.0,56.0,74.0,58.0,119.0,-0.5699506169736346,-0.10453013789365645,0.2036507429910358,-0.2897719803485928,0.0,0.0,0.0,0.0,1.0,0.0,0.0,0.0,1.0
13.0,86.0,-61.0,39.0,11.0,-0.6627775501906932,-1.0737074543924088,-1.2448416499070356,-1.5958081097900605,1.0,0.0,0.0,0.0,0.0,0.0,0.0,0.0,-1.0
145.0,100.0,204.0,132.0,165.0,0.31792027516779003,0.7090248771910379,0.8989955398154865,1.0219497926965513,0.0,0.0,0.0,0.0,0.0,0.0,1.0,0.0,-1.0
155.0,164.0,76.0,141.0,33.0,0.6251942987508474,-0.2757130868249439,-0.8308591329260904,-0.19825624529478159,0.0,1.0,0.0,0.0,0.0,0.0,0.0,0.0,-1.0
64.0,85.0,56.0,75.0,85.0,-0.30977914723998573,-0.2749053432862163,-0.22868725135360177,-0.4458351225599638,0.0,0.0,0.0,1.0,0.0,0.0,0.0,0.0,1.0
51.0,81.0,36.0,65.0,76.0,-0.41595471552750474,-0.4067064398084961,-0.3655452488339455,-0.648325733644507,0.0,0.0,1.0,0.0,0.0,0.0,0.0,0.0,1.0
135.0,105.0,169.0,125.0,139.0,0.2677597281932942,0.46065399120085,0.544740042363331,0.6802388459692907,0.0,0.0,0.0,0.0,0.0,1.0,0.0,0.0,1.0
175.0,109.0,247.0,152.0,185.0,0.5550543641809924,0.9884851231899512,1.1814603133620434,1.4544877306023545,0.0,0.0,0.0,0.0,0.0,0.0,0.0,1.0,-1.0
249.0,168.0,278.0,207.0,157.0,1.2948179628900496,1.0961812876510308,0.8735961108107733,1.7936055725848299,0.0,0.0,0.0,0.0,0.0,0.0,1.0,0.0,-1.0
142.0,123.0,139.0,130.0,105.0,0.3798050659258185,0.22857060872197632,0.11157877707767272,0.40319864004514844,0.0,0.0,0.0,0.0,1.0,0.0,0.0,0.0,1.0
115.0,103.0,128.0,111.0,115.0,0.12163540688108664,0.18565914014902987,0.21073123627119428,0.27780774205486375,0.0,0.0,0.0,0.0,1.0,0.0,0.0,0.0,1.0
-26.0,28.0,-16.0,9.0,86.0,-1.1497269656567795,-0.6643300392253999,-0.2948363195040387,-1.1840693616763094,0.0,0.0,1.0,0.0,0.0,0.0,0.0,0.0,-1.0
139.0,136.0,103.0,128.0,73.0,0.40703638061000935,-0.03768871799213991,-0.3202535924097871,0.05841896642835687,0.0,0.0,0.0,1.0,0.0,0.0,0.0,0.0,1.0
108.0,129.0,50.0,106.0,45.0,0.16534995808768843,-0.39412334738062277,-0.719573668174311,-0.47709748360013016,0.0,1.0,0.0,0.0,0.0,0.0,0.0,0.0,-1.0
-14.0,31.0,5.0,18.0,97.0,-1.049938465999457,-0.527481774456804,-0.14601931895048495,-0.9766044640622313,0.0,0.0,0.0,1.0,0.0,0.0,0.0,0.0,-1.0
96.0,80.0,135.0,96.0,138.0,-0.10977981190661146,0.27918419381678183,0.5049995527833874,0.3399147023020311,0.0,0.0,0.0,0.0,0.0,1.0,0.0,0.0,1.0
-66.0,2.0,-45.0,-19.0,88.0,-1.5201635925124342,-0.8195695355004076,-0.29832449882286494,-1.4878254647572517,0.0,0.0,1.0,0.0,0.0,0.0,0.0,0.0,-1.0
269.0,181.0,293.0,221.0,155.0,1.4827208523082254,1.1749692476495208,0.8754326759198825,1.9477420535353578,0.0,0.0,0.0,0.0,0.0,0.0,1.0,0.0,-1.0
96.0,98.0,95.0,97.0,99.0,-0.04198723758865534,-0.03390912491843567,-0.0257810209737529,-0.05599735240068089,0.0,0.0,0.0,1.0,0.0,0.0,0.0,0.0,1.0
208.0,149.0,228.0,177.0,140.0,0.9338538803873252,0.7868038486086659,0.6241632242819928,1.2885827583445666,0.0,0.0,0.0,0.0,0.0,0.0,1.0,0.0,-1.0
154.0,97.0,231.0,138.0,185.0,0.3686473397662729,0.8974991062996417,1.1596807437654408,1.2846220037586795,0.0,0.0,0.0,0.0,0.0,0.0,0.0,1.0,-1.0
120.0,112.0,119.0,115.0,102.0,0.1900278630505799,0.10990778999873399,0.04889691467969991,0.1958451367149461,0.0,0.0,0.0,0.0,1.0,0.0,0.0,0.0,1.0
155.0,149.0,110.0,140.0,68.0,0.5690957082800081,-0.01085482384183839,-0.3826537522558293,0.13699411937354466,0.0,0.0,1.0,0.0,0.0,0.0,0.0,0.0,1.0
108.0,106.0,105.0,106.0,99.0,0.08137298599647677,0.024185934419739624,-0.014662934777417737,0.05361656226463958,0.0,0.0,0.0,1.0,0.0,0.0,0.0,0.0,1.0
199.0,141.0,227.0,170.0,146.0,0.842434300507584,0.7968955105088666,0.6986231256745656,1.2776128299212166,0.0,0.0,0.0,0.0,0.0,0.0,1.0,0.0,1.0
128.0,112.0,133.0,120.0,110.0,0.24588361852254925,0.20874455573536616,0.16679951409513488,0.3413715434467999,0.0,0.0,0.0,0.0,1.0,0.0,0.0,0.0,1.0
-16.0,18.0,31.0,16.0,122.0,-1.1123844720568399,-0.3308950370356839,0.20002713556896737,-0.7333039435559653,0.0,0.0,0.0,0.0,1.0,0.0,0.0,0.0,-1.0
98.0,89.0,121.0,98.0,122.0,-0.06024420546480333,0.16307188740683015,0.2924783217834267,0.19957606990963603,0.0,0.0,0.0,0.0,1.0,0.0,0.0,0.0,1.0
72.0,105.0,23.0,81.0,47.0,-0.1786422131821314,-0.5376595135395599,-0.7218461639110738,-0.758347971691026,0.0,1.0,0.0,0.0,0.0,0.0,0.0,0.0,-1.0
73.0,85.0,74.0,80.0,97.0,-0.25288983282636945,-0.15246983994272692,-0.0747265388649356,-0.2688339502632502,0.0,0.0,0.0,1.0,0.0,0.0,0.0,0.0,1.0
7.0,37.0,36.0,32.0,110.0,-0.8877194603635301,-0.32992603976127566,0.05714100210712378,-0.6722754289465185,0.0,0.0,0.0,1.0,0.0,0.0,0.0,0.0,-1.0
142.0,119.0,149.0,130.0,114.0,0.36753579270500053,0.29901353291333066,0.22908174822363242,0.49306836988383995,0.0,0.0,0.0,0.0,1.0,0.0,0.0,0.0,1.0
196.0,154.0,191.0,169.0,113.0,0.8757528051437098,0.5262938666973066,0.25612131819154293,0.9287110040542794,0.0,0.0,0.0,0.0,1.0,0.0,0.0,0.0,1.0
149.0,118.0,168.0,135.0,127.0,0.4142399498461526,0.431239337331086,0.404823394047798,0.6803046631039468,0.0,0.0,0.0,0.0,0.0,1.0,0.0,0.0,1.0
143.0,129.0,129.0,131.0,95.0,0.4142177887400532,0.1523357635481639,-0.02916887182661273,0.31156023700082247,0.0,0.0,0.0,1.0,0.0,0.0,0.0,0.0,1.0
74.0,72.0,107.0,81.0,127.0,-0.2900998277762643,0.09940693953601584,0.34113828657498346,0.05427682181292226,0.0,0.0,0.0,0.0,1.0,0.0,0.0,0.0,1.0
104.0,107.0,95.0,103.0,91.0,0.0602103743033857,-0.05079672463803826,-0.11774332238758076,-0.05114602689690424,0.0,0.0,0.0,1.0,0.0,0.0,0.0,0.0,1.0
41.0,92.0,-13.0,58.0,36.0,-0.4497658364428729,-0.7584844153404763,-0.8912221526309971,-1.1224032714705858,0.0,1.0,0.0,0.0,0.0,0.0,0.0,0.0,-1.0
-63.0,15.0,-70.0,-17.0,62.0,-1.4522533797092003,-1.0106971796262447,-0.6393878566302538,-1.7224553648230603,0.0,1.0,0.0,0.0,0.0,0.0,0.0,0.0,-1.0
21.0,67.0,0.0,44.0,64.0,-0.6785676384904133,-0.6278944810860748,-0.5409562203512112,-1.0105978050325752,0.0,0.0,1.0,0.0,0.0,0.0,0.0,0.0,1.0
75.0,96.0,54.0,83.0,75.0,-0.1938791566400854,-0.3075966706887941,-0.35404862612375526,-0.45823390212908305,0.0,0.0,1.0,0.0,0.0,0.0,0.0,0.0,1.0
144.0,134.0,120.0,132.0,85.0,0.4418866919678315,0.0778098919900228,-0.16292285136891066,0.22038781762338777,0.0,0.0,0.0,1.0,0.0,0.0,0.0,0.0,1.0
253.0,191.0,232.0,210.0,109.0,1.402946424307964,0.7410609794734779,0.25149243851260317,1.3528565413725586,0.0,0.0,0.0,0.0,0.0,1.0,0.0,0.0,-1.0
185.0,160.0,152.0,162.0,85.0,0.8195984993888261,0.2564141656292275,-0.12775216873403228,0.5569692639019463,0.0,0.0,0.0,1.0,0.0,0.0,0.0,0.0,1.0
238.0,192.0,197.0,200.0,87.0,1.3067025706415523,0.5042299079503757,-0.05518764982506122,1.0141469957536096,0.0,0.0,0.0,0.0,1.0,0.0,0.0,0.0,-1.0
74.0,86.0,75.0,82.0,96.0,-0.23659171100086068,-0.15156530479592073,-0.08379391033195943,-0.26330374219333297,0.0,0.0,0.0,1.0,0.0,0.0,0.0,0.0,1.0
145.0,121.0,154.0,132.0,116.0,0.398017523663609,0.3304580844390507,0.258422286842163,0.5427475348566795,0.0,0.0,0.0,0.0,1.0,0.0,0.0,0.0,1.0
40.0,79.0,14.0,57.0,63.0,-0.5042524969638289,-0.5531866198192853,-0.5367358103853769,-0.8654691493877994,0.0,0.0,1.0,0.0,0.0,0.0,0.0,0.0,-1.0
246.0,158.0,294.0,204.0,175.0,1.2346400829484088,1.2239410052997322,1.111081947556273,1.946513046564137,0.0,0.0,0.0,0.0,0.0,0.0,0.0,1.0,-1.0
51.0,77.0,45.0,65.0,85.0,-0.4291091686274896,-0.33459226492702,-0.24487270436505726,-0.5564818472596956,0.0,0.0,0.0,1.0,0.0,0.0,0.0,0.0,1.0
147.0,108.0,186.0,133.0,147.0,0.3606370803968652,0.5729342192581953,0.6597681606330861,0.8533843816443045,0.0,0.0,0.0,0.0,0.0,0.0,1.0,0.0,-1.0
143.0,157.0,65.0,132.0,32.0,0.5129092642417594,-0.3424669114769718,-0.8625693813479808,-0.3163725819601928,0.0,1.0,0.0,0.0,0.0,0.0,0.0,0.0,-1.0
22.0,43.0,57.0,44.0,118.0,-0.7559098189090225,-0.19915456815527594,0.17592155848204172,-0.4643289611560653,0.0,0.0,0.0,0.0,1.0,0.0,0.0,0.0,-1.0
132.0,108.0,154.0,123.0,127.0,0.26030601828397726,0.35296854846072795,0.3819594857001433,0.5358856374141703,0.0,0.0,0.0,0.0,0.0,1.0,0.0,0.0,1.0
111.0,84.0,164.0,107.0,153.0,0.018167814113921044,0.46591906013354223,0.7133478306030111,0.6208233336455414,0.0,0.0,0.0,0.0,0.0,0.0,1.0,0.0,-1.0
241.0,195.0,197.0,202.0,85.0,1.341124818210436,0.49936108600658263,-0.08488755976848233,1.0168641751468426,0.0,0.0,0.0,0.0,1.0,0.0,0.0,0.0,-1.0
73.0,90.0,64.0,81.0,86.0,-0.23002007948567968,-0.22981417411833144,-0.20978192300291446,-0.3650089459572917,0.0,0.0,0.0,1.0,0.0,0.0,0.0,0.0,1.0
213.0,161.0,214.0,181.0,122.0,1.0179587063095152,0.6706188213470909,0.3893109163182652,1.1573413183264414,0.0,0.0,0.0,0.0,0.0,1.0,0.0,0.0,-1.0
238.0,171.0,247.0,199.0,135.0,1.229155077868339,0.8815213342000443,0.5817622355660395,1.4923411729225449,0.0,0.0,0.0,0.0,0.0,1.0,0.0,0.0,-1.0
6.0,53.0,-3.0,32.0,74.0,-0.8339689019222912,-0.6192167937498716,-0.4275750868197581,-1.0404524358125475,0.0,0.0,1.0,0.0,0.0,0.0,0.0,0.0,1.0
172.0,137.0,174.0,151.0,115.0,0.6409549512748953,0.4381959192077697,0.2699370961239288,0.7497945400186822,0.0,0.0,0.0,0.0,1.0,0.0,0.0,0.0,1.0
28.0,71.0,6.0,49.0,65.0,-0.6139526952070817,-0.5907968627755004,-0.5247565396331768,-0.944367333158303,0.0,0.0,1.0,0.0,0.0,0.0,0.0,0.0,1.0
233.0,145.0,293.0,195.0,184.0,1.0977909437669413,1.236071005413399,1.2179116834905728,1.926156471036074,0.0,0.0,0.0,0.0,0.0,0.0,0.0,1.0,-1.0
88.0,90.0,96.0,91.0,106.0,-0.12911911036160922,-0.009760490331683414,0.06779742660187217,-0.04724227867261385,0.0,0.0,0.0,0.0,1.0,0.0,0.0,0.0,1.0
48.0,86.0,18.0,63.0,60.0,-0.41827321604303425,-0.5383388222047186,-0.568890478517538,-0.8229735438725555,0.0,0.0,1.0,0.0,0.0,0.0,0.0,0.0,1.0
104.0,102.0,103.0,102.0,100.0,0.037641472502971916,0.021813637293306445,0.009752088781621076,0.038850190540359375,0.0,0.0,0.0,0.0,1.0,0.0,0.0,0.0,1.0
105.0,100.0,111.0,104.0,107.0,0.04297172754342349,0.08003948146144904,0.09693249959475816,0.11724813146395373,0.0,0.0,0.0,0.0,1.0,0.0,0.0,0.0,1.0
-90.0,7.0,-112.0,-36.0,42.0,-1.6722442837956444,-1.2854234353574796,-0.925504051414522,-2.1441754343854496,1.0,0.0,0.0,0.0,0.0,0.0,0.0,0.0,-1.0
30.0,29.0,107.0,49.0,162.0,-0.751139984610568,0.17427568317799702,0.7539569982679311,0.030651821212164698,0.0,0.0,0.0,0.0,0.0,0.0,1.0,0.0,-1.0
43.0,75.0,28.0,59.0,75.0,-0.49562796207975934,-0.44773200881373876,-0.3781791868493621,-0.7237539552701648,0.0,0.0,1.0,0.0,0.0,0.0,0.0,0.0,1.0
-2.0,32.0,29.0,27.0,110.0,-0.9618475115212479,-0.366107501868146,0.0484811181463817,-0.7398245657890461,0.0,0.0,0.0,1.0,0.0,0.0,0.0,0.0,-1.0
87.0,91.0,91.0,91.0,101.0,-0.12805781350801326,-0.050701044597684125,0.0034070423740910245,-0.10108756150567783,0.0,0.0,0.0,1.0,0.0,0.0,0.0,0.0,1.0
139.0,98.0,195.0,127.0,162.0,0.2623423622923333,0.6526718015670756,0.8470239484167157,0.9326649800356911,0.0,0.0,0.0,0.0,0.0,0.0,1.0,0.0,-1.0
181.0,169.0,122.0,159.0,58.0,0.8268670762069923,0.03158443658104615,-0.48228503753949314,0.26165478924780416,0.0,0.0,1.0,0.0,0.0,0.0,0.0,0.0,-1.0
264.0,166.0,315.0,217.0,181.0,1.388834358155321,1.3474952984235598,1.2042449481801731,2.1508706481113853,0.0,0.0,0.0,0.0,0.0,0.0,0.0,1.0,-1.0
84.0,116.0,25.0,89.0,40.0,-0.056974763593762745,-0.5383872302821351,-0.8011752225094031,-0.7269538503409263,0.0,1.0,0.0,0.0,0.0,0.0,0.0,0.0,-1.0
200.0,152.0,204.0,172.0,122.0,0.8956246712510276,0.6176091264471674,0.3854467110496249,1.0547236706603667,0.0,0.0,0.0,0.0,0.0,1.0,0.0,0.0,1.0
156.0,107.0,210.0,139.0,162.0,0.42266168210898225,0.7349847955428033,0.8720740593518426,1.0841263366603435,0.0,0.0,0.0,0.0,0.0,0.0,1.0,0.0,-1.0
22.0,46.0,50.0,44.0,111.0,-0.7454160249463715,-0.25281196194601474,0.08567994628959813,-0.5324787050420535,0.0,0.0,0.0,0.0,1.0,0.0,0.0,0.0,1.0
105.0,88.0,142.0,103.0,136.0,-0.007330385562800079,0.31072833292953184,0.4882408458319039,0.40886461767520765,0.0,0.0,0.0,0.0,0.0,1.0,0.0,0.0,1.0
90.0,96.0,89.0,93.0,97.0,-0.08826186083796556,-0.07104376300691562,-0.05382577968204601,-0.11739934427038493,0.0,0.0,0.0,1.0,0.0,0.0,0.0,0.0,1.0
156.0,130.0,155.0,140.0,110.0,0.5040473718776364,0.32414522441361876,0.18045250542613758,0.5625988729237281,0.0,0.0,0.0,0.0,1.0,0.0,0.0,0.0,1.0
178.0,154.0,151.0,157.0,89.0,0.7494211969959952,0.25787723104994786,-0.08037195266845835,0.5402406347327694,0.0,0.0,0.0,1.0,0.0,0.0,0.0,0.0,-1.0
44.0,64.0,58.0,59.0,103.0,-0.530686841208741,-0.22332299445682122,-0.0064399488453356635,-0.43638625940862663,0.0,0.0,0.0,1.0,0.0,0.0,0.0,0.0,1.0
23.0,91.0,-51.0,46.0,13.0,-0.5737755057350616,-1.013966263169398,-1.2090797128888275,-1.493155056046879,1.0,0.0,0.0,0.0,0.0,0.0,0.0,0.0,-1.0
72.0,66.0,116.0,79.0,137.0,-0.3255132480658626,0.1694792560567806,0.47293947802447583,0.13750161768412794,0.0,0.0,0.0,0.0,0.0,1.0,0.0,0.0,-1.0
107.0,89.0,142.0,104.0,136.0,0.005262097378636144,0.3122793064410181,0.4825610517543478,0.41426400474497926,0.0,0.0,0.0,0.0,0.0,1.0,0.0,0.0,1.0
298.0,208.0,294.0,243.0,134.0,1.7858207770934418,1.136331736658992,0.6205034452911452,1.9772657640458418,0.0,0.0,0.0,0.0,0.0,0.0,1.0,0.0,-1.0
19.0,62.0,7.0,42.0,73.0,-0.7082270615514223,-0.5697328669353272,-0.4313876119781308,-0.9415899360313681,0.0,0.0,1.0,0.0,0.0,0.0,0.0,0.0,1.0
121.0,112.0,119.0,115.0,102.0,0.1928114027772859,0.11323682562126017,0.05228827928388878,0.20098671054338474,0.0,0.0,0.0,0.0,1.0,0.0,0.0,0.0,1.0
54.0,75.0,56.0,67.0,93.0,-0.4149737518882852,-0.2613496263244511,-0.1399835570433815,-0.4558885517798632,0.0,0.0,0.0,1.0,0.0,0.0,0.0,0.0,1.0
212.0,168.0,195.0,181.0,104.0,1.0392096014013001,0.5296347089871503,0.15626506372140844,0.9765976259541269,0.0,0.0,0.0,0.0,1.0,0.0,0.0,0.0,-1.0
155.0,144.0,121.0,140.0,79.0,0.5480223365586097,0.07307119910557913,-0.2385110411879712,0.24234849821532467,0.0,0.0,0.0,1.0,0.0,0.0,0.0,0.0,-1.0
8.0,31.0,55.0,34.0,127.0,-0.8970731361427564,-0.1913197579036241,0.27884023460242024,-0.4915115213263441,0.0,0.0,0.0,0.0,1.0,0.0,0.0,0.0,-1.0
51.0,72.0,55.0,65.0,95.0,-0.448765402255996,-0.2577888417872312,-0.11272439583594152,-0.460167386989489,0.0,0.0,0.0,1.0,0.0,0.0,0.0,0.0,1.0
286.0,185.0,323.0,233.0,171.0,1.6148774348759918,1.3699283908267517,1.093873758155327,2.240643334497367,0.0,0.0,0.0,0.0,0.0,0.0,0.0,1.0,-1.0
188.0,119.0,255.0,162.0,181.0,0.6889027396093665,1.0205876092989052,1.1453901028937212,1.5325260718540472,0.0,0.0,0.0,0.0,0.0,0.0,0.0,1.0,-1.0
22.0,32.0,83.0,43.0,144.0,-0.8004518516266477,0.0008970414815269168,0.5158527311486037,-0.21168614978276878,0.0,0.0,0.0,0.0,0.0,1.0,0.0,0.0,-1.0
48.0,55.0,88.0,62.0,128.0,-0.5317505826268623,-0.006975921930882534,0.33090501896606905,-0.15063659488006664,0.0,0.0,0.0,0.0,1.0,0.0,0.0,0.0,-1.0
233.0,166.0,246.0,195.0,138.0,1.1701332366119066,0.8790898466476075,0.6159123682966858,1.473430236447181,0.0,0.0,0.0,0.0,0.0,0.0,1.0,0.0,-1.0
115.0,108.0,114.0,110.0,102.0,0.1358913447114477,0.08542424361587819,0.04559163413242584,0.14907836650772346,0.0,0.0,0.0,0.0,1.0,0.0,0.0,0.0,1.0
82.0,92.0,79.0,87.0,93.0,-0.1573416730656369,-0.1345191347139944,-0.10820271587420022,-0.21969124208231172,0.0,0.0,0.0,1.0,0.0,0.0,0.0,0.0,1.0
-79.0,-1.0,-67.0,-29.0,77.0,-1.622543709184519,-0.9655278724100538,-0.45965218172077993,-1.708024007102962,0.0,0.0,1.0,0.0,0.0,0.0,0.0,0.0,-1.0
203.0,151.0,211.0,174.0,128.0,0.9091909497990805,0.669084785958808,0.4568296883719593,1.126387477315228,0.0,0.0,0.0,0.0,0.0,1.0,0.0,0.0,1.0
-5.0,25.0,38.0,24.0,121.0,-1.0123679260041698,-0.296476901372041,0.18930433433831761,-0.6612013162032199,0.0,0.0,0.0,0.0,1.0,0.0,0.0,0.0,-1.0
159.0,144.0,131.0,143.0,85.0,0.5781374927655265,0.1403006572888196,-0.1532494111582788,0.3392414165065839,0.0,0.0,0.0,1.0,0.0,0.0,0.0,0.0,-1.0
-12.0,33.0,2.0,19.0,93.0,-1.0338907461803413,-0.5526540270389175,-0.19550427991872604,-1.0056169799497097,0.0,0.0,0.0,1.0,0.0,0.0,0.0,0.0,-1.0
-12.0,24.0,25.0,19.0,114.0,-1.0678555663432663,-0.3834994625156376,0.08954942544273539,-0.7910102615361597,0.0,0.0,0.0,1.0,0.0,0.0,0.0,0.0,-1.0
-48.0,7.0,-17.0,-7.0,101.0,-1.3817849670982951,-0.6377206593453997,-0.10428347892781685,-1.2106025835679453,0.0,0.0,0.0,1.0,0.0,0.0,0.0,0.0,-1.0
-44.0,48.0,-102.0,-2.0,16.0,-1.196960483565101,-1.2848102935478538,-1.2300186445086088,-2.016967847308706,1.0,0.0,0.0,0.0,0.0,0.0,0.0,0.0,-1.0
127.0,127.0,100.0,120.0,79.0,0.2949764293963856,-0.04661396326472411,-0.2621204855332695,0.016817677602096404,0.0,0.0,0.0,1.0,0.0,0.0,0.0,0.0,1.0
121.0,108.0,128.0,115.0,111.0,0.18024987864033926,0.1812656431722761,0.16622245077957531,0.287587027779042,0.0,0.0,0.0,0.0,1.0,0.0,0.0,0.0,1.0
110.0,91.0,145.0,106.0,135.0,0.03796116151133355,0.32211696058214007,0.47685363867797387,0.43596635905138603,0.0,0.0,0.0,0.0,0.0,1.0,0.0,0.0,1.0
101.0,103.0,96.0,100.0,95.0,0.020248188616145274,-0.0390936846417769,-0.0738480089024618,-0.04630097460839669,0.0,0.0,0.0,1.0,0.0,0.0,0.0,0.0,1.0
-56.0,38.0,-107.0,-11.0,21.0,-1.3158522868697897,-1.3008512188491346,-1.1785674799849997,-2.069793642135026,1.0,0.0,0.0,0.0,0.0,0.0,0.0,0.0,-1.0
111.0,118.0,85.0,108.0,76.0,0.1492858500174294,-0.14012362627246588,-0.3139959290370034,-0.14555643331316515,0.0,0.0,0.0,1.0,0.0,0.0,0.0,0.0,1.0
-56.0,-3.0,-11.0,-13.0,112.0,-1.4672535740179855,-0.5816909461553164,0.03783665317848195,-1.1592551935217212,0.0,0.0,0.0,1.0,0.0,0.0,0.0,0.0,-1.0
176.0,117.0,229.0,153.0,166.0,0.5950359655035531,0.8494315119226601,0.9393801705180843,1.2812775976950064,0.0,0.0,0.0,0.0,0.0,0.0,1.0,0.0,-1.0
80.0,86.0,89.0,86.0,104.0,-0.19234576414250842,-0.0559369994866997,0.03657766741229867,-0.12510675431649515,0.0,0.0,0.0,0.0,1.0,0.0,0.0,0.0,1.0
79.0,75.0,110.0,85.0,127.0,-0.23978012075787047,0.11733614417219937,0.33669734174113647,0.09136305140376028,0.0,0.0,0.0,0.0,1.0,0.0,0.0,0.0,1.0
-8.0,54.0,-36.0,23.0,52.0,-0.9232829271957921,-0.8501159676666312,-0.7294783065573172,-1.369476498858301,0.0,1.0,0.0,0.0,0.0,0.0,0.0,0.0,-1.0
16.0,53.0,20.0,40.0,88.0,-0.7607838376504522,-0.46476536099704807,-0.23426726112767055,-0.81678929876509,0.0,0.0,0.0,1.0,0.0,0.0,0.0,0.0,1.0
-36.0,35.0,-53.0,3.0,57.0,-1.1891286232044784,-0.9293872397351255,-0.6819724942415011,-1.5449800733098702,0.0,1.0,0.0,0.0,0.0,0.0,0.0,0.0,-1.0
66.0,99.0,26.0,76.0,55.0,-0.24861618557067752,-0.5021698293704402,-0.621647239975067,-0.7300359202836658,0.0,0.0,1.0,0.0,0.0,0.0,0.0,0.0,1.0
93.0,91.0,104.0,95.0,110.0,-0.0887635864155907,0.04377000812758643,0.12516031008461356,0.0342625621142148,0.0,0.0,0.0,0.0,1.0,0.0,0.0,0.0,1.0
-34.0,16.0,-6.0,4.0,101.0,-1.2448011124920304,-0.5768980027849748,-0.09767695014990099,-1.0937594436553713,0.0,0.0,0.0,1.0,0.0,0.0,0.0,0.0,-1.0
88.0,108.0,54.0,92.0,65.0,-0.05721056742471925,-0.3315117315384523,-0.4791012509734319,-0.4535063758223913,0.0,0.0,1.0,0.0,0.0,0.0,0.0,0.0,1.0
46.0,78.0,31.0,62.0,75.0,-0.46276303934150786,-0.43652988825448213,-0.3818699296022575,-0.7002035309066634,0.0,0.0,1.0,0.0,0.0,0.0,0.0,0.0,1.0
99.0,90.0,121.0,99.0,121.0,-0.04970942708724849,0.16124620081275243,0.28286655376316416,0.19996394737175682,0.0,0.0,0.0,0.0,1.0,0.0,0.0,0.0,1.0
85.0,127.0,3.0,91.0,17.0,-0.003380600937541889,-0.7090646550297901,-1.1012146120751627,-0.9383537164574337,1.0,0.0,0.0,0.0,0.0,0.0,0.0,0.0,-1.0
85.0,114.0,33.0,90.0,47.0,-0.053663011273694994,-0.4796727386353814,-0.7119371112941066,-0.6484466689005473,0.0,1.0,0.0,0.0,0.0,0.0,0.0,0.0,-1.0
194.0,178.0,130.0,168.0,57.0,0.9464122953427359,0.07586993944923626,-0.49020429881172256,0.3519965213690507,0.0,0.0,1.0,0.0,0.0,0.0,0.0,0.0,-1.0
85.0,85.0,100.0,89.0,112.0,-0.16184273435177024,0.02872749795000054,0.1487209637327115,-0.005059812188568824,0.0,0.0,0.0,0.0,1.0,0.0,0.0,0.0,1.0
-42.0,27.0,-51.0,-2.0,64.0,-1.2655122541501793,-0.9031531743849628,-0.5920568543210007,-1.530609463751061,0.0,1.0,0.0,0.0,0.0,0.0,0.0,0.0,-1.0
65.0,67.0,97.0,74.0,124.0,-0.3730881964153937,0.030602820956146914,0.2874083392248536,-0.058759055342006095,0.0,0.0,0.0,0.0,1.0,0.0,0.0,0.0,1.0
79.0,89.0,78.0,85.0,96.0,-0.19116471368034135,-0.13146064264247187,-0.08170500559747289,-0.22464250629361987,0.0,0.0,0.0,1.0,0.0,0.0,0.0,0.0,1.0
193.0,177.0,132.0,168.0,59.0,0.9377717362169244,0.09004994104606245,-0.4625852048095044,0.3684460375657892,0.0,0.0,1.0,0.0,0.0,0.0,0.0,0.0,-1.0
113.0,137.0,44.0,110.0,35.0,0.23343508814692626,-0.4506617995653847,-0.8513129574186338,-0.533740438724747,0.0,1.0,0.0,0.0,0.0,0.0,0.0,0.0,-1.0
133.0,140.0,82.0,124.0,56.0,0.37930516585994173,-0.19645966328672876,-0.5494966376320296,-0.15886700531635056,0.0,0.0,1.0,0.0,0.0,0.0,0.0,0.0,-1.0
124.0,106.0,138.0,117.0,118.0,0.19412566125438893,0.24946920162953787,0.26343707026814334,0.3814491061852294,0.0,0.0,0.0,0.0,1.0,0.0,0.0,0.0,1.0
-12.0,30.0,10.0,19.0,100.0,-1.0474186836683421,-0.49018221992213223,-0.08959634354694643,-0.9266205964761348,0.0,0.0,0.0,1.0,0.0,0.0,0.0,0.0,-1.0
22.0,67.0,3.0,45.0,66.0,-0.6674885644272329,-0.606589413604446,-0.5149236588648813,-0.9794839978774539,0.0,0.0,1.0,0.0,0.0,0.0,0.0,0.0,1.0
-81.0,0.0,-75.0,-30.0,71.0,-1.6303653862412189,-1.0221311091346137,-0.5427063690651883,-1.7849392666974662,0.0,1.0,0.0,0.0,0.0,0.0,0.0,0.0,-1.0
-67.0,-6.0,-30.0,-21.0,103.0,-1.5581639490504866,-0.7050462689667595,-0.09568979701375568,-1.3465200188255304,0.0,0.0,0.0,1.0,0.0,0.0,0.0,0.0,-1.0
95.0,94.0,103.0,96.0,108.0,-0.06400312039804168,0.03833761139217044,0.1007931165499093,0.033665185295081515,0.0,0.0,0.0,0.0,1.0,0.0,0.0,0.0,1.0
270.0,178.0,301.0,222.0,163.0,1.479760140519908,1.2357559261087157,0.9719267146693837,2.027320775217549,0.0,0.0,0.0,0.0,0.0,0.0,0.0,1.0,-1.0
187.0,133.0,219.0,162.0,148.0,0.7311621754098051,0.7584533153814361,0.7103180717656877,1.1971966836785268,0.0,0.0,0.0,0.0,0.0,0.0,1.0,0.0,1.0
56.0,77.0,54.0,69.0,90.0,-0.39523030808835513,-0.2748837994511305,-0.17373357967560657,-0.4685315172427844,0.0,0.0,0.0,1.0,0.0,0.0,0.0,0.0,1.0
111.0,79.0,176.0,107.0,165.0,-0.0014462225872260426,0.5570922100788416,0.8678299906920199,0.7361472376374338,0.0,0.0,0.0,0.0,0.0,0.0,1.0,0.0,-1.0
193.0,148.0,198.0,167.0,122.0,0.8283079371432529,0.5832770365512002,0.37528697793225796,0.9914309909420216,0.0,0.0,0.0,0.0,0.0,1.0,0.0,0.0,-1.0
222.0,171.0,209.0,188.0,111.0,1.1151887234362423,0.6227448057897118,0.25232284875874716,1.119904408452599,0.0,0.0,0.0,0.0,1.0,0.0,0.0,0.0,-1.0
120.0,138.0,58.0,115.0,43.0,0.28629530746999543,-0.3527669189467776,-0.7329507860385587,-0.39025593145088544,0.0,1.0,0.0,0.0,0.0,0.0,0.0,0.0,-1.0
99.0,87.0,128.0,99.0,128.0,-0.06410928568214905,0.21605138768436993,0.3774047250289144,0.268592410325152,0.0,0.0,0.0,0.0,0.0,1.0,0.0,0.0,1.0
3.0,34.0,36.0,30.0,112.0,-0.9198173939547163,-0.32592278048330536,0.08400014028120123,-0.6755188411528428,0.0,0.0,0.0,1.0,0.0,0.0,0.0,0.0,-1.0
114.0,107.0,114.0,110.0,103.0,0.12577389445649348,0.08577291088478195,0.05263676757970487,0.14684870539435443,0.0,0.0,0.0,0.0,1.0,0.0,0.0,0.0,1.0
151.0,113.0,183.0,136.0,141.0,0.4048650915558272,0.5423743516905961,0.5837877425749995,0.8247431630975117,0.0,0.0,0.0,0.0,0.0,1.0,0.0,0.0,1.0
166.0,127.0,186.0,147.0,132.0,0.5658224630375615,0.5440233372713965,0.4829051619902899,0.8697282836182274,0.0,0.0,0.0,0.0,0.0,1.0,0.0,0.0,1.0
291.0,198.0,301.0,237.0,146.0,1.6945454248410494,1.1981774738709698,0.7754060313420124,2.034758276318021,0.0,0.0,0.0,0.0,0.0,0.0,1.0,0.0,-1.0
78.0,91.0,71.0,84.0,89.0,-0.19466324445296823,-0.18701776602775744,-0.16590983932079373,-0.299025001676391,0.0,0.0,0.0,1.0,0.0,0.0,0.0,0.0,1.0
171.0,151.0,141.0,152.0,85.0,0.6904690711386632,0.19603408392645008,-0.1387181022478572,0.4428000581802594,0.0,0.0,0.0,1.0,0.0,0.0,0.0,0.0,-1.0
91.0,106.0,65.0,94.0,73.0,-0.0451856579926182,-0.2534539279011522,-0.3653627049391087,-0.3471082168348592,0.0,0.0,1.0,0.0,0.0,0.0,0.0,0.0,1.0
134.0,117.0,136.0,124.0,108.0,0.30417621077595414,0.214864267376971,0.13885738265247088,0.3649647461002561,0.0,0.0,0.0,0.0,1.0,0.0,0.0,0.0,1.0
89.0,94.0,90.0,92.0,99.0,-0.1035373810783249,-0.05976186442761999,-0.026452129420944343,-0.10654591255040571,0.0,0.0,0.0,1.0,0.0,0.0,0.0,0.0,1.0
96.0,102.0,85.0,97.0,88.0,-0.021484180009253527,-0.11287303077570118,-0.16183555329102156,-0.15494298346060603,0.0,0.0,0.0,1.0,0.0,0.0,0.0,0.0,1.0
26.0,46.0,59.0,47.0,117.0,-0.7150904816851955,-0.18849959543173841,0.1662670238078432,-0.43938652455361665,0.0,0.0,0.0,0.0,1.0,0.0,0.0,0.0,-1.0
44.0,45.0,101.0,59.0,145.0,-0.5956198181250145,0.10829126451132154,0.551323483114582,-0.015227180607367496,0.0,0.0,0.0,0.0,0.0,1.0,0.0,0.0,-1.0
105.0,123.0,57.0,104.0,55.0,0.12189705894943242,-0.33362253453476104,-0.5974998158568954,-0.4086651954123673,0.0,0.0,1.0,0.0,0.0,0.0,0.0,0.0,-1.0
51.0,87.0,22.0,65.0,62.0,-0.39465837869907083,-0.5118333775014732,-0.5428223588673662,-0.7816505554866141,0.0,0.0,1.0,0.0,0.0,0.0,0.0,0.0,1.0
119.0,131.0,71.0,114.0,56.0,0.254836755664872,-0.2557313910678568,-0.5617335168142679,-0.270331304922798,0.0,0.0,1.0,0.0,0.0,0.0,0.0,0.0,-1.0
15.0,57.0,11.0,39.0,79.0,-0.7546258699855679,-0.5347039211091195,-0.34705759777313994,-0.9076174489609617,0.0,0.0,1.0,0.0,0.0,0.0,0.0,0.0,-1.0
100.0,102.0,93.0,100.0,94.0,0.006678584461306793,-0.055848230538793536,-0.09119874407464407,-0.07206086671477738,0.0,0.0,0.0,1.0,0.0,0.0,0.0,0.0,1.0
-23.0,60.0,-83.0,13.0,18.0,-1.0061552896557828,-1.1772642494329975,-1.1852964788233755,-1.8240384524904392,1.0,0.0,0.0,0.0,0.0,0.0,0.0,0.0,-1.0
-29.0,38.0,-46.0,7.0,59.0,-1.1353934605625227,-0.8878941110294937,-0.6519403640449947,-1.4758316636523414,0.0,1.0,0.0,0.0,0.0,0.0,0.0,0.0,-1.0
34.0,73.0,14.0,53.0,68.0,-0.5660713844814927,-0.5430375813966694,-0.4812112270010039,-0.8684912135176996,0.0,0.0,1.0,0.0,0.0,0.0,0.0,0.0,1.0
182.0,165.0,133.0,159.0,69.0,0.8134706919568787,0.11341139826191726,-0.3463427722315221,0.3662756159993624,0.0,0.0,0.0,1.0,0.0,0.0,0.0,0.0,-1.0
53.0,54.0,102.0,66.0,139.0,-0.5004420162092067,0.1000890373577053,0.47738832321750246,-0.0007597683124485055,0.0,0.0,0.0,0.0,0.0,1.0,0.0,0.0,-1.0
242.0,181.0,232.0,202.0,117.0,1.2921298101145144,0.7624060721744133,0.3559306211571689,1.3516063321435325,0.0,0.0,0.0,0.0,0.0,1.0,0.0,0.0,-1.0
-38.0,35.0,-58.0,1.0,54.0,-1.204193356132981,-0.9644086058783934,-0.7267876022004862,-1.5952881506488468,0.0,1.0,0.0,0.0,0.0,0.0,0.0,0.0,-1.0
-44.0,19.0,-35.0,-3.0,81.0,-1.3043929167506216,-0.7808701079417013,-0.3767812185078051,-1.3792788916385041,0.0,0.0,1.0,0.0,0.0,0.0,0.0,0.0,-1.0
299.0,200.0,316.0,243.0,155.0,1.7606471016035101,1.299947780405784,0.8912884267321847,2.1868879184149375,0.0,0.0,0.0,0.0,0.0,0.0,0.0,1.0,-1.0
45.0,59.0,71.0,60.0,114.0,-0.5355145231180739,-0.12770623387661625,0.14545367905489182,-0.31125517340630965,0.0,0.0,0.0,0.0,1.0,0.0,0.0,0.0,1.0
180.0,134.0,201.0,157.0,135.0,0.6864047967321861,0.6278184947858115,0.535800972292925,1.0125815570162533,0.0,0.0,0.0,0.0,0.0,1.0,0.0,0.0,1.0
158.0,145.0,124.0,142.0,79.0,0.5750280283166845,0.09094059409801131,-0.22806095206807764,0.2731555253020328,0.0,0.0,0.0,1.0,0.0,0.0,0.0,0.0,1.0
219.0,156.0,236.0,185.0,140.0,1.0414359004868543,0.8315181243127536,0.6246000276243808,1.3763098786101446,0.0,0.0,0.0,0.0,0.0,0.0,1.0,0.0,-1.0
102.0,91.0,127.0,101.0,124.0,-0.01923736866038489,0.19986988157743693,0.3233848718993476,0.2591320698279602,0.0,0.0,0.0,0.0,1.0,0.0,0.0,0.0,1.0
179.0,127.0,215.0,156.0,150.0,0.6510080046367461,0.7367982731082656,0.7281360277525796,1.147250346653364,0.0,0.0,0.0,0.0,0.0,0.0,1.0,0.0,-1.0
17.0,53.0,24.0,41.0,91.0,-0.7543412337636923,-0.4355218234444373,-0.1929016171900887,-0.7764130596455854,0.0,0.0,0.0,1.0,0.0,0.0,0.0,0.0,1.0
4.0,53.0,-6.0,32.0,71.0,-0.8427196336339134,-0.6446795009238122,-0.4615738651839267,-1.0764438609009879,0.0,0.0,1.0,0.0,0.0,0.0,0.0,0.0,1.0
206.0,131.0,265.0,175.0,178.0,0.8551557726695311,1.0718458428243611,1.1183017373329471,1.6445079280118764,0.0,0.0,0.0,0.0,0.0,0.0,0.0,1.0,-1.0
80.0,102.0,48.0,87.0,65.0,-0.12835590072387562,-0.3588469243067312,-0.47591232418786555,-0.5085666323892677,0.0,0.0,1.0,0.0,0.0,0.0,0.0,0.0,1.0
134.0,101.0,173.0,124.0,145.0,0.24637621926207937,0.4999252479725231,0.619594053701885,0.7264726617330372,0.0,0.0,0.0,0.0,0.0,1.0,0.0,0.0,-1.0
117.0,110.0,116.0,112.0,102.0,0.16057474915423245,0.09382387133543271,0.04279821294658717,0.16674782130516336,0.0,0.0,0.0,0.0,1.0,0.0,0.0,0.0,1.0
110.0,123.0,69.0,108.0,62.0,0.16169881167803707,-0.2532457110099671,-0.4980050043860935,-0.29181408682096915,0.0,0.0,1.0,0.0,0.0,0.0,0.0,0.0,1.0
98.0,100.0,96.0,99.0,98.0,-0.02167798117259839,-0.02872084400953624,-0.030760372516622104,-0.043736881302191825,0.0,0.0,0.0,1.0,0.0,0.0,0.0,0.0,1.0
134.0,109.0,155.0,124.0,126.0,0.2792192858282364,0.3594680267747517,0.37991772358994974,0.5495083939386933,0.0,0.0,0.0,0.0,0.0,1.0,0.0,0.0,1.0
130.0,117.0,127.0,122.0,102.0,0.28056563942945056,0.15670473779428423,0.06352907109127012,0.2817930132381803,0.0,0.0,0.0,0.0,1.0,0.0,0.0,0.0,1.0
103.0,101.0,103.0,102.0,100.0,0.03115975217955582,0.02077714973190309,0.012305046855251734,0.03575610149260444,0.0,0.0,0.0,0.0,1.0,0.0,0.0,0.0,1.0
288.0,213.0,261.0,236.0,109.0,1.7342770113419663,0.9003462010462413,0.2864100042134299,1.6515616411403922,0.0,0.0,0.0,0.0,0.0,1.0,0.0,0.0,-1.0
204.0,171.0,167.0,175.0,85.0,0.9897804409889293,0.3347381657466055,-0.11524818394329703,0.7057796352480326,0.0,0.0,0.0,1.0,0.0,0.0,0.0,0.0,-1.0
223.0,195.0,157.0,189.0,60.0,1.209051246156322,0.22483541769425386,-0.4271967920915156,0.6187900335434393,0.0,0.0,1.0,0.0,0.0,0.0,0.0,0.0,-1.0
39.0,77.0,16.0,57.0,66.0,-0.5116552883170142,-0.5332258412699763,-0.5009166761079726,-0.8410476936383555,0.0,0.0,1.0,0.0,0.0,0.0,0.0,0.0,1.0
